id,B cells naive,B cells memory,Plasma cells,T cells CD8,T cells CD4 naive,T cells CD4 memory resting,T cells CD4 memory activated,T cells follicular helper,T cells regulatory (Tregs),T cells gamma delta,NK cells resting,NK cells activated,Monocytes,Macrophages M0,Macrophages M1,Macrophages M2,Dendritic cells resting,Dendritic cells activated,Mast cells resting,Mast cells activated,Eosinophils,Neutrophils
TCGA-EE-A29P-06A-11R-A18T-07,0,0,0.033812143,0.446917824,0,0,0.011432571,0.053973508,0.076399407,0.003601281,0,0.033878626,0.012802968,0.134046221,0.073218649,0.102621812,0.003715805,0,0.013579185,0,0,0
TCGA-EE-A3JB-06A-11R-A21D-07,0.003793425,0,0,0.026957662,0,0.149025725,0.003170844,0.013762303,0.02423566,0,0,0.017564865,0.038513549,0.408502069,0.062906548,0.244820876,0,0,0.006746474,0,0,0
TCGA-D9-A6EC-06A-11R-A311-07,0.015635046,0,0.002407806,0.02338577,0,0.008549658,0,0.041786208,0.022268705,0.004125656,0,0.021390278,0,0.549221891,0.064616297,0.20551808,0,0,0.041094606,0,0,0
TCGA-W3-AA1W-06A-11R-A38C-07,0.018704507,0,0.010690431,0.418976146,0,0,0.088948532,0.075604444,0.058235813,0,0,0.013353793,0,0.103346926,0.107655384,0.087461078,0.009867182,0,0.007155766,0,0,0
TCGA-EE-A29G-06A-12R-A18T-07,0.000777864,0,0.012133084,0.044502505,0,0.061940134,0.013823464,0.024727822,0.022915136,0,0,0.049120715,0,0.511255661,0.056089631,0.058230213,0.04750864,0,0.096975132,0,0,0
TCGA-D3-A2J8-06A-11R-A18T-07,0.020181198,0,0.016566015,0.331358222,0,0,0.078363799,0.048396146,0.057019162,0,0.061331597,0.014875834,0.001368554,0.070885061,0.183470998,0.116183414,0,0,0,0,0,0
TCGA-ER-A2NG-06A-11R-A18T-07,0.000357439,0,0.007264988,0.412095712,0,0,0.085408926,0.033516606,0.035656552,0.028093389,0.016304316,0.016877011,0,0.153162481,0.097593284,0.076393908,0.001202939,0.001207757,0.034864693,0,0,0
TCGA-EE-A2MI-06A-11R-A18U-07,0,0.092960556,0,0.139286803,0,0.131893138,0.018168723,0.051810138,0.036469284,0,0,0.004300955,0.041187141,0.032318329,0.171565527,0.226369209,0.02613112,0,0.016090103,0,0.011448975,0
TCGA-ER-A19S-06A-11R-A18U-07,0,0.004741228,0.086009455,0.342273251,0,0,0.050039296,0.060254528,0.054315915,0.057312999,0,0,0,0.218016825,0.064094845,0.052597691,0,0,0,0.010343965,0,0
TCGA-ER-A2NH-06A-11R-A18S-07,6.95E-05,0,0.020660421,0.429619977,0,0,0.137075499,0.0426739,0.053632529,0,0,0.031002461,0.030286338,0.034964952,0.088750836,0.090131075,0.006162847,0,0.034969643,0,0,0
TCGA-D3-A3C7-06A-11R-A18U-07,0.006600793,0,0.00543545,0.161430266,0,0,0.020421543,0.030480022,0.026052581,0.01134257,0,0,0,0.452713341,0.0679473,0.131659613,0.042808847,0,0,0.043107673,0,0
TCGA-ER-A19N-06A-11R-A18S-07,0.008622783,0,0.066691084,0.208707912,0,0.040594977,0.026621542,0.012775431,0.059401076,0.000236937,0,0.01878321,0.020077744,0.277324022,0.058261837,0.159392784,0.017898908,0,0.024319383,0,0,0.00029037
TCGA-D3-A3CB-06A-11R-A18S-07,0.007500865,0.015205873,0.055838261,0.230913771,0,0,0.035514545,0.039594201,0.056018236,0,0,0,0,0.342237534,0.050869238,0.145826719,0.000558913,0,0.019921845,0,0,0
TCGA-DA-A1HW-06A-11R-A18U-07,0.025530137,0,0.064832699,0.349149412,0,0.030710548,0.055358627,0.049576933,0.048740919,0.014825673,0,0.044567167,0.00188714,0.072714874,0.114650818,0.039561991,0.024041671,0,0.063851391,0,0,0
TCGA-ER-A196-01A-11R-A18T-07,0.001507961,0,0.055827741,0.001926707,0,0.027296408,0,0.006487504,0.055589842,0,0,0.011454019,0,0.523390148,0,0.101139188,0,0.110543538,0,0.074278129,0,0.030558814
TCGA-WE-A8K1-06A-21R-A37K-07,0.008481855,0,0.044593063,0.296654383,0,0,0.016589713,0.063719467,0.094858562,0.004856239,0,0.092119075,0.011064085,0.17664654,0.105848077,0.0778158,0.006753141,0,0,0,0,0
TCGA-D3-A2JO-06A-11R-A18S-07,0,0,0.072265156,0.276342055,0,0.037932071,0.102909661,0.01471328,0.008422275,0.004468116,0.036186499,0,0,0.267233659,0.078907752,0.064162289,0.01392536,0,0.022531827,0,0,0
TCGA-GF-A3OT-06A-23R-A239-07,0.020027484,0,0.014468119,0.17287629,0,0.054786623,0.045804263,0.042059573,0.025853757,0,0.002990796,0,0,0.313589939,0.083813853,0.160485221,0.000965371,0,0,0.060538831,0,0.00173988
TCGA-D3-A8GD-06A-11R-A37K-07,0.096555781,0,0.030585077,0.177290812,0,0.078356277,0.083164717,0.053056993,0.043292913,0.074502274,0,0.031713626,0,0.145050637,0.095501822,0.068916681,0,0,0.022012393,0,0,0
TCGA-DA-A1I7-06A-22R-A18S-07,0.004527733,0,0.031799606,0.114451144,0,0.081589847,0.008867302,0.054036094,0.045713248,0,0,0.012857838,0,0.451606,0.081267551,0.098111325,0,0,0.015172311,0,0,0
TCGA-ER-A3ET-06A-11R-A20F-07,0.033704734,0.006882493,0.01326188,0.034131632,0,0.176920708,0.016827899,0,0.079005045,0,0,0.004127885,0.122246482,0.06860765,0.08028376,0.299546759,0.032147154,0.005285374,0.027020544,0,0,0
TCGA-ER-A1A1-06A-11R-A18U-07,0.193547225,0.187187258,0.021161756,0.110329485,0,0.104976476,0.047355609,0.026893547,0.128113984,0,0.007819424,0,0.005732699,0.077888865,0.008045965,0.054977645,0,0.013998963,0.011971099,0,0,0
TCGA-FS-A4F8-06A-11R-A266-07,0.059986423,0.106168022,0.061552497,0.166369368,0,0.166075851,0.005990688,0.033321313,0.131806083,0,0,0.010588524,0,0.098187681,0.070268829,0.063249924,0.002926689,0,0.023508108,0,0,0
TCGA-EE-A2MJ-06A-11R-A18S-07,0.109569885,0,0,0.256194314,0,0.034291346,0.094613802,0.059911206,0.06904424,0,0,0.051890366,0,0.076898569,0.092454506,0.081221125,0.012234646,0,0.058988576,0,0,0.002687421
TCGA-D3-A1Q4-06A-11R-A18T-07,0.04428322,0,0.074913605,0.016948933,0,0.148678878,0,0.013344587,0.034304127,0,0,0.023408791,0,0.345891001,0.08448811,0.151766302,0.002450757,0,0.059521688,0,0,0
TCGA-EE-A3AG-06A-31R-A18S-07,0,0.033986905,0.006560361,0.072821942,0,0,0,0.019907155,0.053035717,0,0,0.000563377,0,0.797147784,0.005111447,0,0,0,0.010865312,0,0,0
TCGA-EB-A5SG-06A-11R-A311-07,8.14E-05,0,0.121921157,0.38904447,0,0,0.122376257,0.028387996,0.015702079,0.024732171,0,0.016889385,0,0.093170928,0.096053982,0.060581668,0.009257707,0,0.021800773,0,0,0
TCGA-BF-A1Q0-01A-21R-A18S-07,0.036701179,0,0.057995362,0.142648104,0,0.067685153,0.001881644,0.039205827,0.039628394,0,0,0.061425676,0.003259519,0.087704485,0.198948804,0.118623189,0.092209021,0,0.052083644,0,0,0
TCGA-D3-A3CE-06A-11R-A18S-07,0,0,0.217969309,0.259503192,0,0.064496249,0.013722814,0.031562677,0.048436639,0,0,0.075960139,0.037528294,0.047992481,0.086468901,0.049419836,0.01825188,0,0.048687589,0,0,0
TCGA-EE-A3J5-06A-11R-A20F-07,0.016543044,0,0.126327602,0.160733829,0,0.092427915,0.010224527,0.068265799,0.011600324,0,0,0.018852412,0.014546283,0.118717136,0.163496248,0.084620301,0.045857743,0,0.056723136,0,0.011063702,0
TCGA-EE-A2GH-06A-11R-A18T-07,0,0,0.156374333,0.34117154,0,0,0.067936726,0.049169481,0.023229249,0.027683436,0,0.042525976,0,0.121891468,0.061689161,0.051390352,0.01358089,0,0.043357387,0,0,0
TCGA-EE-A2GT-06A-12R-A18S-07,0.164676809,0,0.064876912,0.159821322,0.085548223,0,0,0.061774189,0.092549372,0,0,0.02680538,0.003055972,0.110612614,0.017654398,0.173944083,0.017740895,0,0.020939832,0,0,0
TCGA-ER-A19E-06A-11R-A18S-07,0.020084644,0,0.053202599,0.090346795,0,0.151225204,0,0.01571744,0.01964071,0,0.004360971,0,0,0.407886845,0.062132816,0.166373997,0,0,0.009027979,0,0,0
TCGA-HR-A2OH-06A-11R-A18U-07,0,0,0.042105389,0.440426612,0,0,0.091505253,0.062960764,0.028961075,0.009420906,0,0.017102541,0.015254487,0.125175157,0.08504405,0.073784617,0.00825915,0,0,0,0,0
TCGA-FS-A1ZA-06A-11R-A18T-07,0.017911864,0,0.112903185,0.116364518,0,0,0.0396899,0.07534303,0.045387177,0,0.005926848,0.024820427,0.003048661,0.279913641,0.15117219,0.088327599,0.007825795,0,0.031365165,0,0,0
TCGA-DA-A1HY-06A-11R-A18T-07,0.002945603,0.001322571,0.009632714,0,0,0.125345163,0.004514235,0.018709954,0.044430688,0.041019978,0.052799034,0,0,0.619394736,0.002343488,0,0,0.002795676,0,0.072994167,0.001751992,0
TCGA-FR-A7U9-06A-11R-A352-07,0,0.014413506,0.050256701,0.057213889,0,0.150040903,0,0.0212566,0.042448107,0.004098402,0,0.038964418,0,0.19605624,0.11533793,0.291965905,0.005592262,0,0.010979671,0,0,0.001375465
TCGA-ER-A42L-06A-11R-A24X-07,0,0,0.051842812,0.323174343,0,0,0.079440579,0.048023107,0.046892071,0.034825366,0,0.025568985,0.098699745,0,0.066916987,0.144263257,0.044605736,0,0.035747012,0,0,0
TCGA-ER-A19M-06A-61R-A239-07,0.009879818,0,0,0.304272331,0,0.082218367,0.032859922,0.057507684,0.010620898,0,0,0.05276957,0.018605072,0.174443553,0.097697242,0.091642177,0.006818047,0,0.060665316,0,0,0
TCGA-FS-A1ZD-06A-11R-A18T-07,0.001553017,0,0,0.026638322,0,0.044595117,0,0,0,0,0.054891343,0.070921036,0,0.338478281,0.004529424,0.342464013,0,0,0.115929447,0,0,0
TCGA-ER-A19G-06A-11R-A18U-07,0.005300992,0,0.037764998,0.069797919,0,0.117912257,0.03504514,0.024929737,0.013000763,0.025306526,0.023607257,0.025162659,0,0.372241933,0.115220572,0.091194441,0,0,0.043514806,0,0,0
TCGA-QB-AA9O-06A-11R-A39D-07,0.020668292,0,0.081840557,0.204833535,0,0.042665208,0.074397817,0.040915634,0.043087093,0.050189687,0,0.058766437,0,0.216675288,0.074887902,0.084391267,0.006681282,0,0,0,0,0
TCGA-ER-A2NC-06A-11R-A18T-07,0.015867566,0,0.005564816,0.072063236,0,0.12207359,0,0.014885257,0.015264125,0,0,0.015949959,0.21364134,0,0.0303072,0.456364743,0,0,0.038018169,0,0,0
TCGA-DA-A95V-06A-11R-A37K-07,0.044540089,0,0.148024476,0.254669782,0,0,0.007998872,0.014093883,0.11184009,0,0.022335074,0,0,0.190692865,0.087028224,0.118568389,0,0,0.000208257,0,0,0
TCGA-EB-A82B-01A-11R-A352-07,0.006361625,0,0.248757278,0.121399639,0,0.00755,0.073714638,0.030200759,0.011992005,0,0.037233644,0,0,0.167125918,0.105470765,0.135603549,0.007616946,0,0,0.046973233,0,0
TCGA-EB-A5VV-06A-11R-A32P-07,0.225339102,0.111509976,0,0.153049242,0,0.154748061,0.041261626,0.049826304,0.078890849,0.024255147,0,0,0,0.039691234,0.060198762,0.052392468,0.004002327,0,0,0,0,0.004834901
TCGA-BF-AAP7-01A-11R-A40A-07,0.013967129,0,0.017429826,0.349974563,0,0,0.08521431,0.04754342,0.011651006,0,0,0.090407764,0.03633903,0.046769279,0.053265612,0.145531394,0.023988582,0,0.077918085,0,0,0
TCGA-DA-A1IB-06A-11R-A18S-07,0.051452551,0.092470168,0.051397645,0.162667799,0,0.085092581,0.046874995,0.03653442,0.07289649,0.011038186,0,0.001638467,0,0.238865827,0.049386424,0.058877152,0.020061004,0,0.020746292,0,0,0
TCGA-D9-A3Z4-01A-11R-A239-07,0.0320446,0,0.066746701,0.0394777,0,0.195390268,0.004427898,0.024120043,0.045584278,0,0,0.029243539,0.014196361,0.10749177,0.145446351,0.184992609,0.033426525,0,0.077411355,0,0,0
TCGA-EE-A2GK-06A-11R-A18S-07,0.13692826,0.290411693,0.033646666,0.164130826,0.02621025,0.032885704,0.014465869,0.039951625,0.115469263,0,0,0.008491963,0.007684912,0.056690873,0.015887487,0.041691221,0,0,0.015453388,0,0,0
TCGA-D3-A5GO-06A-12R-A27Q-07,0,0.070050618,0.011140585,0.027307415,0,0.085734145,0.018846027,0.049607577,0.020096798,0.045962422,0,0.044585735,0,0.391313314,0.071476089,0.130996232,0.013353774,0,0.019529268,0,0,0
TCGA-D3-A51J-06A-11R-A266-07,0.019417921,0,0.05376163,0.369367704,0,0.003296822,0.003517813,0.051034508,0.078270797,0,0,0.073004792,0,0.178045616,0.08266625,0.063419503,0.003027123,0,0.021169522,0,0,0
TCGA-QB-A6FS-06A-11R-A311-07,0.044236529,0,0.043638157,0.289042588,0,0,0,0.033214764,0.100075316,0,0,0.088380581,0.026269663,0.133905842,0.042665327,0.12960951,0.010375827,0,0.058585895,0,0,0
TCGA-D3-A2JF-06A-11R-A18S-07,0.060140534,0,0.080212175,0.18869258,0,0.041359399,0,0.126162167,0.039191421,0.001144434,0,0.044175578,0,0.118487315,0.165139051,0.107211445,0,0,0.028083903,0,0,0
TCGA-EE-A3JD-06A-11R-A20F-07,0.042545236,0.171539808,0.024938237,0.16719812,0,0.061843182,0.071048845,0.060973848,0.030878784,0.078375417,0,0.004845239,0.007037012,0.032841141,0.122758592,0.08576502,0.005163007,0,0.031133017,0,0,0.001115494
TCGA-DA-A1HV-06A-21R-A18S-07,0.003929413,0,0.081064493,0.179164331,0,0.130982424,0.011832815,0.042376156,0.045620189,0,0,0.040579979,0.017532148,0.134904786,0.135784614,0.102847798,0.015538056,0,0.057842796,0,0,0
TCGA-DA-A1I8-06A-11R-A18T-07,0,0.050591006,0.002137064,0,0,0.072990237,0.004327953,0.001520146,0.039376312,0,0.117007779,0,0,0.630251702,0,0.075539267,0,0,0.005560578,0,0.000697955,0
TCGA-D3-A5GN-06A-11R-A27Q-07,0,0,0.136615704,0.15359218,0,0.053317773,0.061466427,0.056462894,0,0.00747486,0,0.051431449,0.012706685,0.283209828,0.112935341,0.065499569,0.005287289,0,0,0,0,0
TCGA-FS-A1ZS-06A-12R-A18T-07,0.030393622,0,0,0,0,0.12233483,0.004215259,0.025618406,0.009526567,0,0.023641191,0.006941741,0,0.34631839,0.013094763,0.400550247,0,0,0.017364984,0,0,0
TCGA-EE-A2MK-06A-11R-A18S-07,0,0,0.071133885,0.359353386,0,0,0.000557799,0.042995658,0.06117438,0,0,0.02157801,0.034060253,0.104810056,0.111631288,0.178667913,0,0,0.014037371,0,0,0
TCGA-EE-A2GS-06A-12R-A18S-07,0,0.107725459,0,0.007033007,0,0.123760285,0.000216374,0.018918972,0.037650669,0.008829063,0.002693676,0,0,0.337572538,0.201863263,0.117570936,0.013448351,0,0,0,0.022717408,0
TCGA-EE-A2ME-06A-11R-A18T-07,0.048233819,0.03312085,0.056381397,0.247796614,0,0.087823339,0.037541808,0.048323282,0.059774372,0.015650926,0,0.019484657,0,0.153595622,0.0926843,0.076595283,0.006732664,0,0.016261067,0,0,0
TCGA-EE-A29C-06A-21R-A18S-07,0.024561835,0,0.042337173,0.050195868,0,0.09627735,0,0.004569926,0.059321439,0,0,0.026629627,0,0.48491031,0.023133487,0.134564814,0,0,0.053498172,0,0,0
TCGA-3N-A9WC-06A-11R-A38C-07,0.007706367,0,0.033271697,0.417564163,0,0,0.053916293,0.075120079,0.063960076,0,0,0.013966531,0.002055198,0.055143364,0.200688669,0.055353683,0,0,0.02125388,0,0,0
TCGA-BF-AAP0-06A-11R-A39D-07,0.061825957,0,0.054376317,0.299114359,0,0,0.015665256,0.078997502,0.076369445,0,0,0.095378051,0,0.068727891,0.094046159,0.082246388,0.013654914,0,0.057666039,0,0,0.001931721
TCGA-WE-A8ZO-06A-11R-A37K-07,0,0.033763634,0,0.163544969,0,0.143955767,0.010331361,0.051218923,0.007579191,0.018886832,0,0.045643083,0.019018197,0.068996396,0.177032329,0.159482678,0.024383663,0,0.0673194,0,0.008843578,0
TCGA-FS-A1ZF-06A-12R-A18S-07,0,0.00353669,0,0.047623118,0,0,0,0.02476741,0.031459671,0.088226846,0,0,0,0.448719333,0.084521671,0.169721223,0.007991221,0,0.078669635,0,0.014763182,0
TCGA-RP-A693-06A-13R-A311-07,0.002777332,0,0.12645559,0.071074728,0,0,0.013519712,0.050422103,0.008920855,0.04605154,0,0.019252823,0.014938602,0.214765447,0.084246612,0.338004692,0,0,0,0.009569964,0,0
TCGA-D3-A51H-06A-12R-A266-07,0.269999145,0.239583278,0.019208491,0.090340866,0,0.030029606,0.012157988,0.036321183,0.114167752,0,0,0.00377049,0,0.108438976,0.046141922,0.015300785,0,0,0.014539518,0,0,0
TCGA-WE-AAA4-06A-12R-A38C-07,0.002202585,0,0.006514168,0.365512146,0,0,0.05196559,0.030090292,0.055435216,0,0.131197925,0,0.062747083,0.082407025,0.06263168,0.143220464,0.006075827,0,0,0,0,0
TCGA-EE-A181-06A-11R-A18S-07,0.015500712,0,0.130773215,0.186039385,0,0.047355088,0.023044155,0.044460693,0.055733844,0,0,0.067249905,0,0.244161812,0.103903212,0.061881141,0.003764273,0,0.016132564,0,0,0
TCGA-EE-A182-06A-11R-A18T-07,0.001243019,0,0.028603153,0.185219079,0,0,0,0.040335818,0.005225053,0,0,0.12243723,0,0.312119179,0,0.233275903,0,0.000841429,0.070700139,0,0,0
TCGA-FR-A7UA-06A-32R-A352-07,0.005375601,0,0.06820645,0.397302185,0,0,0.038758241,0.060798861,0.054575776,0.042732006,0,0.015923423,0,0.195392707,0.047480932,0.073453818,0,0,0,0,0,0
TCGA-D3-A2JC-06A-11R-A18T-07,0.007332528,0,0,0.116972692,0,0.164769918,0.009550711,0.050814942,0.092577659,0.022728573,0,0.015768672,0.047470675,0.268511947,0.087672155,0.103902551,0.011926976,0,0,0,0,0
TCGA-EB-A6L9-06A-11R-A32P-07,0.121655421,0,0.125442783,0.187860853,0.025711058,0,0.050667937,0.025263612,0.101723991,0,0,0.042944132,0,0.142212882,0.078166744,0.07224956,0.00325271,0,0.022848317,0,0,0
TCGA-EE-A29S-06A-11R-A18T-07,0,0.001883917,0.005660729,0.230572665,0,0.028577228,0.03180582,0.045785703,0.062376529,0.001922558,0,0.003196282,0.012865435,0.320039469,0.067567844,0.131172178,0.017737728,0,0.038835914,0,0,0
TCGA-EE-A17Y-06A-11R-A18T-07,0.00293952,0,0.020563559,0,0,0,0.000104547,0.052991026,0.041126023,0,0.053907981,0,0,0.748584436,0,0,0,0,0,0.066896422,0.012886486,0
TCGA-ER-A19W-06A-41R-A239-07,0,0.005779298,0,0.326459795,0,0.025839524,0.124244254,0.084390417,0,0.012688951,0,0.025106748,0.017900919,0.072826725,0.102028185,0.130714447,0.022105438,0,0.049915298,0,0,0
TCGA-EE-A2MU-06A-21R-A18S-07,0.0091989,0,0.020760506,0.306219235,0,0.021181892,0.012597697,0.034146401,0.045136459,0.020027384,0,0.036042029,0.017581396,0.117174315,0.166580659,0.139300305,0.004601395,0,0.049451427,0,0,0
TCGA-D3-A8GS-06A-12R-A37K-07,0,0.04860556,0.184187783,0.188949734,0,0,0.14679077,0,0,0.05431844,0,0.056542922,0.005497296,0.087043873,0.077468565,0.06651426,0.017802411,0,0.066278387,0,0,0
TCGA-W3-AA1V-06B-11R-A40A-07,0,0,0.007974923,0.076350049,0,0.31880076,0.018861306,0.019160975,0,0,0.014494469,0.01138239,0.015920533,0.118563342,0.095485745,0.302794761,0.000210747,0,0,0,0,0
TCGA-ER-A19O-06A-11R-A18S-07,0.040512093,0,0.014060221,0.205408592,0,0,0,0.023872099,0.082671085,0,0,0.071353103,0.036529639,0.239472456,0.039322844,0.207037069,0.009656748,0,0.030091024,0,0,1.30E-05
TCGA-GN-A265-06A-21R-A18T-07,0.014202633,0,0.052708161,0.008428782,0,0.267890215,0.019854589,0.011469102,0.038975731,0.027497738,0,0,0,0.190112796,0.131272689,0.226709762,0.00503616,0,0.002091968,0,0,0.003749673
TCGA-EE-A20H-06A-11R-A18S-07,0,0.022370483,0,0.039013713,0,0.066623663,0,0.07048906,0.056111587,0,0.005157205,0.035402819,0,0.506252963,0.104218793,0.037340814,0.013082662,0,0.043936238,0,0,0
TCGA-FS-A1Z0-06A-11R-A18T-07,0.010735977,0,0.003226164,0.191507782,0,0.114790321,0.009463311,0.068483836,0.009627579,0,0,0.081258952,0.014435085,0.232037957,0.119190946,0.083785653,0.008401143,0,0.053055293,0,0,0
TCGA-D3-A3MO-06A-11R-A21D-07,0.005363102,0,0,0,0,0.009502964,0.011525682,0.014538663,0.015894743,0.002800304,0.002114857,0.001112421,0,0.904766355,0,0.004893432,0,0,0.026955331,0,0.000532146,0
TCGA-ER-A2NB-01A-12R-A18S-07,0,0,0.019966966,0.40506923,0,0,0.040347842,0.065236788,0.067262809,0,0.076014388,0.000804477,0.01596337,0.107038265,0.014492703,0.105873007,0.063192263,0.008843086,0,0.005681716,0,0.004213089
TCGA-EE-A29T-06A-11R-A18T-07,0.012614498,0,0.142397516,0.195685244,0,0,0.032416856,0.03177641,0.028183866,0.023360112,0,0.01605403,0.000693838,0.191016105,0.047467109,0.248508889,0,0,0.029825529,0,0,0
TCGA-DA-A1I5-06A-11R-A18T-07,0.011421888,0,0.039238477,0.077196276,0,0.04650008,0.017594755,0.055928726,0.053996327,0.035577513,0,0.005304518,0,0.472840068,0.07219822,0.100816401,0,0,0.011386751,0,0,0
TCGA-FS-A1Z7-06A-11R-A18T-07,0.001789226,0.000862157,0.001939277,0,0,0.058096176,0,0.012053064,0.017031276,0.022677571,0.021263598,0,0,0.714198235,0.034443272,0.088332492,0.002337603,0,0.022521314,0,0.00245474,0
TCGA-FR-A729-06A-11R-A352-07,0.010273265,0,0.061135688,0.229338283,0,0.092637746,0.040621469,0.058934292,0.054759842,0.031801512,0,0.070509226,0.001789697,0.064170746,0.131881493,0.097718486,0.029149963,0,0.025278294,0,0,0
TCGA-EE-A2M5-06A-12R-A18S-07,0.012142752,0,0,0.316616429,0,0.05248382,0.109462298,0,0.005662283,0.00958721,0.029491446,0,0,0.141608647,0.070980899,0.140249988,0,0,0,0.031169068,0,0.08054516
TCGA-BF-AAP4-01A-11R-A40A-07,0,0.0114898,0.026804641,0.439115112,0,0,0.074846121,0.09699587,0.005251516,0.039539502,0,0.051641645,0,0.058998605,0.070157401,0.092833142,0.005779186,9.00E-05,0.026457462,0,0,0
TCGA-EB-A3XD-01A-22R-A239-07,0.021626971,0,0,0.185704799,0,0,0.001252995,0.020326564,0.072082977,0,0.001440758,0.018446026,0,0.303948451,0.070519529,0.157427547,0.091970869,0,0.055252514,0,0,0
TCGA-EB-A5SF-01A-11R-A311-07,0.010606175,0,0.005165133,0.003930123,0,0.009715551,0,0,0.077252442,0,0.04164175,0,0,0.660824372,0.014684812,0.112318875,0,0,0.063860767,0,0,0
TCGA-ER-A195-06A-11R-A18U-07,0.01150693,0,0,0.202992348,0,0.029135261,0.027997967,0.032487401,0.050743492,0,0,0.04152496,0.020381277,0.220118827,0.110819731,0.199642303,0.022410609,0,0.026168429,0,0.004070465,0
TCGA-D3-A3C8-06A-12R-A18S-07,0,0.047169395,0,0.529842883,0,0,0.144388904,0.046094773,0.017105391,0.046236717,0,0.015100963,0,0.026643983,0.066184226,0.032128815,0.016511707,0,0.009133909,0,0,0.003458334
TCGA-D3-A2JN-06A-11R-A18S-07,0,0.04941371,0.159614199,0.25022308,0,0,0.094809604,0.008720313,0.070373217,0,0,0.027679387,0.008935305,0.086525513,0.121441996,0.032908155,0.060056965,0,0.029298555,0,0,0
TCGA-FS-A1ZH-06A-11R-A18T-07,0.023505683,0,0.075278272,0.224253002,0,0.06977685,0.124826775,0,0,0.002868816,0,0.031289025,0.003537911,0.126522566,0.082578191,0.179273451,0,0,0.05267714,0,0,0.003612318
TCGA-W3-A828-06A-11R-A352-07,0.015806753,0,0,0.031014517,0,0.152220443,0,0.065259944,0.008928748,0,0,0.038351574,0.008025941,0.112847999,0.056858362,0.394295985,0.01878355,0,0.088916523,0,0,0.008689661
TCGA-GN-A26A-06A-11R-A18T-07,0,0,0.002178942,0.079965772,0,0.102868606,0.041901634,0,0,0,0.034326974,0,0,0.585397119,0.060399453,0.077338444,0,0,0,0.01490568,0,0.000717377
TCGA-D3-A8GJ-06A-11R-A37K-07,0,0,0.06651447,0.322839874,0,0,0.113135185,0.047278351,0.02414709,0.046269955,0,0.01526112,0,0.234229924,0.046188948,0.067991774,0,0,0.016143308,0,0,0
TCGA-EB-A44Q-06A-11R-A266-07,0,0.037669681,0.026270266,0.205778005,0,0.136406495,0.004338959,0.041679786,0.098387098,0.010533251,0,0.080463742,0.013692778,0.119518597,0.11648725,0.062937638,0.013135487,0,0.032700967,0,0,0
TCGA-ER-A197-06A-32R-A18S-07,0,0,0.002630634,0.423729728,0,0,0.049645578,0.06377177,0.054801094,0.043909642,0,0.000598894,0.016842953,0.002530664,0.083294445,0.236902482,0.009551136,0,0,0,0,0.01179098
TCGA-WE-A8K6-06A-11R-A37K-07,0.002938809,0,0.004055697,0,0,0,0,0.024713476,0.051561211,0.038511352,0.038597216,0,0,0.645347062,0.029855223,0.151557719,0,0,0.007805272,0,0.005056964,0
TCGA-EE-A3AA-06A-11R-A18S-07,0.102703654,0.001163933,0,0.137765523,0,0.154276906,0,0.053892951,0.083834265,0,0,0.046440333,0.006457863,0.179596746,0.121910069,0.069561414,0.008714491,0,0.033681853,0,0,0
TCGA-D3-A2JA-06A-11R-A18T-07,0.001591016,0,0,0.055433522,0,0.119004482,0,0.04504587,0.019735791,0,0,0.011526477,0,0.371600551,0.071383935,0.257730022,0.001925758,0,0.045022578,0,0,0
TCGA-GN-A4U8-06A-11R-A32P-07,0.04995555,0,0.044746865,0.256043687,0,0.030275897,0.06393385,0.045812063,0.065646646,0,0,0.023633818,0.019592886,0.164986509,0.108040071,0.079227979,0.036096624,0,0.012007555,0,0,0
TCGA-D3-A8GO-06A-11R-A37K-07,0.258382314,0,0.230986491,0.110532404,0,0,0.021614165,0.032959787,0.072779301,0.001601338,0,0.003617832,0,0.158772076,0.044693646,0.054499263,0,0,0.007640195,0,0,0.001921188
TCGA-D3-A3MU-06A-11R-A21D-07,0.022688683,0,0.054101929,0.088665728,0,0.078302025,0.007059452,0.022688974,0.056946924,0,0,0.022949386,0,0.445689662,0.086692416,0.077590233,0,0,0.036624589,0,0,0
TCGA-ER-A19P-06A-11R-A18S-07,0.055585754,0,0.077485439,0.314678927,0,0.005974279,0,0.057163835,0.109996752,0.039788576,0,0.050244984,0.00265545,0.104852139,0.081877488,0.078023545,0.015429093,0,0.006243739,0,0,0
TCGA-ER-A19A-06A-21R-A18U-07,0.005268365,0,0,0.177527434,0,0.096189371,0.057179837,0.044093266,0.028494205,0.010782892,0.031631441,0,0,0.254925619,0.082876523,0.161731035,0.001506183,0,0.04779383,0,0,0
TCGA-D3-A3BZ-06A-12R-A18S-07,0.064080268,0,0.063616656,0.247958961,0,0,0.073566733,0.041346831,0.059338847,0,0,0.052332289,0,0.130164852,0.108395806,0.07978107,0.017478292,0,0.053926023,0,0.004525834,0.003487538
TCGA-DA-A1I2-06A-21R-A18U-07,0.05422047,0,0.050162167,0.127531057,0,0.035055972,0.052638846,0.057974741,0.041433808,0,0,0.014061368,0,0.163041543,0.254638361,0.084635517,0,0,0.06460615,0,0,0
TCGA-EB-A4OZ-01A-12R-A266-07,0,0.019745695,0.00511153,0.2971435,0,0,0.002672862,0.054084177,0.146285066,0,0.017578194,0.065017473,0,0.136718438,0.0992937,0.089873442,0.016447583,0,0.050028341,0,0,0
TCGA-GN-A26C-01A-11R-A18T-07,0,0.024996062,0.070909208,0.209202551,0,0.134264213,0.038066737,0.053836737,0.030994292,0.023461577,0,0,0,0.099000751,0.173509074,0.093863863,0.020459558,0,0.025887353,0,0,0.001548025
TCGA-D3-A2JK-06A-11R-A18S-07,0,0.022149482,0,0.007816245,0,0.097387925,0,0.020832695,0.077751475,0,0.005532053,0.016744772,0,0.570242647,0.01277986,0.115824223,0,0,0.052938624,0,0,0
TCGA-FS-A1ZM-06A-12R-A18S-07,0,0,0,0.290639551,0,0,0.099529508,0.041934043,0.017856074,0.005558067,0.027253104,0,0,0.298972573,0.041428812,0.148321399,0.002005648,0,0.026501221,0,0,0
TCGA-D3-A1Q7-06A-11R-A18T-07,7.38E-06,0,0.038155033,0.238731418,0,0.033064891,0.105564771,0.088373201,0.044109924,0.011886516,0,0,0,0.185583837,0.125372478,0.103470624,0.008314305,0,0.017365627,0,0,0
TCGA-D3-A1QB-06A-11R-A18T-07,0.02385152,0,0.04502956,0.494944877,0,0,0.020359191,0.087062953,0.058572839,0,0,0.084030288,0.012105259,0.031965934,0.072223686,0.053418728,0.01050253,0,0.005932634,0,0,0
TCGA-EE-A2MR-06A-11R-A18S-07,0.02473405,0.118193713,0.006775905,0.197463896,0,0.177600054,0.029632108,0.025948967,0.080967687,0,0,0,0.002010119,0.116598532,0.074691537,0.123109119,0.005789676,0,0.015676153,0,0,0.000808485
TCGA-EE-A2MG-06A-11R-A18T-07,0.208534494,0,0.020382984,0.155464349,0,0.108756949,0.094300313,0.025667552,0.073681373,0,0,0.019965334,0.001934445,0.113080326,0.077744719,0.080405238,0,0,0.020081923,0,0,0
TCGA-GN-A266-06A-11R-A18T-07,0,0.034881421,0,0.053525545,0,0.1638027,0.02764025,0.033846223,0.01914446,0.010476279,0.00204723,0,0,0.294082183,0.080233301,0.23235567,0.010839662,0,0.037125076,0,0,0
TCGA-D3-A2JP-06A-11R-A18S-07,0.004799723,0,0.046573959,0.310365606,0,0,0.11762294,0.036659678,0.047563166,0.078473203,0,0.010668652,0.006376819,0.01471375,0.136474911,0.123407512,0.029833831,0,0.036466252,0,0,0
TCGA-D3-A51N-06A-11R-A266-07,0,0.112490001,0.036333182,0.041972779,0,0.003719886,0,0.02561698,0.08179394,0.012601139,0,0.012156959,0,0.401281108,0.165186937,0.093179302,0.013667785,0,0,0,0,0
TCGA-ER-A19D-06A-11R-A18S-07,0.009951851,0,0.039570666,0.01938457,0,0.203152676,0.012653068,0.01599763,0.012739059,0.037607172,0,0,0,0.226236759,0.107308855,0.269650376,0.014397089,0,0.031350229,0,0,0
TCGA-GF-A6C8-06A-12R-A311-07,0.03514548,0,0,0.049379297,0,0.086677947,0.10773678,0,0.007563061,0.032839323,0.006939517,0.041456083,0.028952169,0.171578825,0.221013394,0.156319322,0.011437609,0,0.042961192,0,0,0
TCGA-D3-A8GB-06A-11R-A37K-07,0.017478519,0.009390143,0.081479139,0.259238382,0,0,0.039833765,0.052202047,0.062362505,0,0,0.124789612,0,0.075068338,0.114449093,0.070996105,0.01262443,0,0.080087921,0,0,0
TCGA-GF-A4EO-06A-12R-A24X-07,0,0,0.149089634,0.201392601,0,0.071968884,0.051261219,0.036648117,0.048160945,0.040954306,0,0,0,0.215199594,0.087396402,0.097928297,0,0,0,0,0,0
TCGA-D3-A5GR-06A-11R-A27Q-07,0.020996,0.176457453,0.052269333,0.091527553,0,0.0797322,0.007487664,0.010743917,0.077475268,0,0,0.039438748,0,0.316823202,0.08811899,0.022304682,0.001385356,0,0.015239633,0,0,0
TCGA-FR-A8YE-06A-11R-A37K-07,0.047939389,0.165578281,0,0.120202671,0.048728446,0.122000585,0.029190791,0.047351828,0.126849683,0,0,0.023025931,0.017698975,0.090917529,0.037040304,0.089489392,0.011061135,0,0.017144612,0,0,0.005780447
TCGA-EE-A2A1-06A-11R-A18T-07,0.072441906,0,0.027070966,0.157740331,0,0.071179485,0,0.029213995,0.088050488,0,0,0.088178741,0.018220303,0.111338356,0.120069489,0.12590976,0.021423746,0,0.069162434,0,0,0
TCGA-EE-A2M8-06A-12R-A18S-07,0,0.021442984,0.01043675,0.49078521,0,0,0.008708393,0.090328702,0.084448558,0,0,0.042708099,0.014646866,0.019686895,0.077304369,0.081391982,0.023860394,0,0.034250798,0,0,0
TCGA-EE-A3J3-06A-11R-A20F-07,0.005452784,0,0.03055001,0.070500118,0,0.120646899,0.033464143,0.016682205,0.034195168,0.00960709,0,0,0,0.436120199,0.116204929,0.075656775,8.02E-05,0,0.050839506,0,0,0
TCGA-D3-A51F-06A-11R-A266-07,0,0,0.018769493,0.52556621,0,0,0.023381145,0.059401878,0.060235182,0.018926848,0,0.062830215,0.008874546,0.029979075,0.066491497,0.077283991,0.012290055,0,0.035969866,0,0,0
TCGA-GN-A9SD-06A-11R-A40A-07,0.169968937,0,0.058315182,0.158938797,0,0.069600888,0.012280685,0.052622283,0.165548079,0,0,0.023070424,0.012340536,0.105589006,0.079532012,0.059049005,0.00828248,0,0.024861684,0,0,0
TCGA-ER-A199-06A-11R-A18T-07,0.10168184,0,0.041470582,0.257852517,0,0.033562972,0.03297987,0.078607754,0.108822942,0.000993275,0,0.036449362,0.016877148,0.048621922,0.055291275,0.101164527,0.044648414,0,0.040975601,0,0,0
TCGA-FW-A5DY-06A-11R-A311-07,0.231909908,0.174817244,0.038893454,0.116876889,0.008962016,0.113074139,0,0.012907567,0.067752196,0,0.011188143,0,0.001191539,0.121764173,0.044036461,0.047947207,0,0,0.008679063,0,0,0
TCGA-WE-A8ZX-06A-11R-A37K-07,0,0,0.07876957,0.253739598,0,0,0.154198013,0.036340849,0,0,0,0.103928126,0.029390098,0.063206063,0.126294822,0.068099256,0.026342843,0,0.050605622,0,0.009085141,0
TCGA-D3-A1Q8-06A-11R-A18T-07,0.0734866,0,0.080496659,0.084381383,0,0.120194063,0.009344826,0,0.012325131,0,0.002333611,0,0.056527918,0,0.038097504,0.407268701,0.025391334,0,0.087702903,0,0,0.002449366
TCGA-DA-A3F8-06A-11R-A20F-07,0.023520177,0,0.019237765,0.48968305,0,0,0.157061121,0.047810498,0.014039145,0.009864641,0,0.02811396,0.017118099,0.031366446,0.085036032,0.041637472,0.013093331,0,0.014591577,0,0.007826686,0
TCGA-YD-A9TA-06A-11R-A39D-07,0.037339175,0,0.03786904,0.004790585,0,0.152830571,0.078634299,0.026983862,0.010969832,0.011568016,0,0.030748266,0,0.378593506,0.094530572,0.10785532,0.003753445,0,0.023533511,0,0,0
TCGA-W3-A825-06A-11R-A352-07,0.001361698,0,0.00360028,0.294135101,0,0.083510549,0.087383329,0.050721405,0.038331898,0,0,0,0.016096311,0.239388663,0.05473618,0.118800848,0.008338919,0,0.00359482,0,0,0
TCGA-DA-A3F2-06A-11R-A20F-07,0,0,0.121698669,0.299731045,0,0,0.010246735,0.008739104,0.046552381,0,0.069321735,0.010058946,0.012259577,0.162171981,0.015472821,0.226808815,0,0,0.016938191,0,0,0
TCGA-FR-A8YD-06A-11R-A37K-07,0.01351751,0,0.037230594,0.15332633,0,0.023807832,0,0.02664902,0.064424877,0,0,0.028277233,0,0.507993814,0.031622062,0.082414174,0,0,0.030736554,0,0,0
TCGA-BF-A1PX-01A-12R-A18T-07,0,0,0.030276513,0.37499986,0,0,0.044437815,0.046677755,0.038828406,0,0.051065657,0.015977219,0.005550621,0.118653023,0.071219157,0.131542622,0.016490826,0,0.054280527,0,0,0
TCGA-DA-A3F5-06A-11R-A20F-07,0,0,0,0.067588782,0,0.075398959,0.000741776,0.006026602,0.0387815,0.006205195,0.072842979,0,0,0.402031995,0.000437817,0.037948054,0,0.008398818,0,0.140777327,0,0.142820194
TCGA-GF-A6C9-06A-11R-A311-07,0.053164557,0.073356622,0.077105341,0.116638148,0,0.062670776,0.049539257,0.024655976,0.051102248,0,0.000881936,0,0,0.267953489,0.070143638,0.112483326,0.000433965,0,0.039870719,0,0,0
TCGA-WE-A8ZN-06A-11R-A37K-07,0.011637956,0,0.026852159,0.299951792,0,0,0.095143455,0.033842673,0.036207263,0,0,0.049638932,0.015543435,0.137497242,0.102452851,0.120315533,0.015772777,0,0.055143932,0,0,0
TCGA-D3-A51G-06A-11R-A266-07,0,0.070712003,0,0.091650034,0,0.011255632,0.023840345,0.085187228,0.012713642,0.003437457,0,0.025717691,0,0.491448115,0.095478819,0.061613219,0.000789294,0,0.014787956,0,0.011368565,0
TCGA-D3-A2JL-06A-11R-A18S-07,0.022075304,0,0.095808454,0.215387011,0,0.027151252,0,0.053886679,0.093970198,0.066869843,0,0.072153247,0,0.202340351,0.09413161,0.019201239,0.002133037,0,0.034891776,0,0,0
TCGA-D3-A8GQ-06A-11R-A37K-07,0.076192756,0,0.126302494,0.083472581,0,0,0.049870464,0.043563009,0.00098903,0.030949864,0,0.017168898,0,0.419014184,0.016211371,0.136265349,0,0,0,0,0,0
TCGA-EB-A551-01A-21R-A27Q-07,0.007807568,0,0.125861153,0.313779365,0,0.053245163,0.095463152,0.06976086,0.012986953,0,0.001824079,0.031401991,0.007697544,0.052319959,0.090230309,0.067442167,0.010036563,0,0.054963263,0,0.005179912,0
TCGA-EE-A2MC-06A-12R-A18S-07,0.018657497,0,0.028449879,0.330179243,0,0,0.092022056,0.019273636,0.053106132,0.038230426,0.003010243,0,0,0.144463569,0.093761829,0.172806646,0.000462826,0,0,0,0,0.005576018
TCGA-D9-A6E9-06A-12R-A311-07,0.001841481,0,0.031204368,0.421277167,0,0,0.057283612,0.050329207,0.043930142,0,0,0.029228799,5.05E-05,0.188931843,0.09261417,0.05707092,0.007873994,0,0.018363755,0,0,0
TCGA-D3-A2JB-06A-11R-A18T-07,0.049662135,0.19588161,0.094352571,0.132563663,0,0.082809512,0.022419238,0.082204009,0.052153906,0,0,0.017482281,0,0.138229048,0.060697906,0.054830285,0,0,0.016713836,0,0,0
TCGA-EE-A2A0-06A-11R-A18T-07,0.008010592,0,0.175277566,0.008547304,0,0.168788737,0.029045953,0,0,0.123280206,0,0.00801323,0,0.03590381,0.087533451,0.256338076,0.036450744,0,0.056799092,0,0.006011239,0
TCGA-ER-A19H-06A-12R-A18S-07,0.005358641,0,0,0.241650402,0,0.026788536,0.037882959,0.049538048,0.021016609,0,0,0.066908026,0.005565336,0.175791891,0.128450742,0.195784606,0.008278559,0,0.030094875,0,0.00689077,0
TCGA-FS-A4FD-06A-11R-A266-07,0.010330538,0,0.00028047,0.044473923,0,0.106071271,0,0.044570102,0.033653834,0.042076183,0,0,0,0.40355428,0.068608731,0.185733342,0,0,0.060647326,0,0,0
TCGA-EE-A3JE-06A-11R-A20F-07,0.003748622,0.005283893,0.075808702,0.343114273,0,0,0.078256594,0.049945401,0.015741594,0.105884201,0,0.007527264,0,0.162144069,0.057687294,0.076096893,0.001326868,0,0.017434334,0,0,0
TCGA-D3-A8GN-06A-11R-A37K-07,0.005191354,0,0.293809003,0.250175068,0,0,0.072513458,0.042172194,0.028179973,0.009051179,0,0.021167193,0,0.123425409,0.063037487,0.073643405,9.76E-05,0,0.01753664,0,0,0
TCGA-FS-A1ZU-06A-12R-A18T-07,0.00485516,0,0,0,0,0.132310823,0,0.074648359,0.009124122,0,0,0.069495456,0.042856615,0.417861462,0,0.231794979,0.00419938,0,0.000670968,0,0.012182675,0
TCGA-EE-A3JH-06A-11R-A21D-07,0.008063391,0,0.093392097,0.226553372,0,0.040296258,0.032229037,0.043669732,0.067791264,0,0,0.046313062,0.011804084,0.211936266,0.080377362,0.081927836,0.019753798,0,0.035892441,0,0,0
TCGA-EB-A85J-01A-12R-A352-07,0,0.005037461,0.059067613,0.353907577,0,0,0.050422046,0.049357858,0.07501377,0,0,0.004660219,0.007416709,0.253896145,0.039646332,0.098148293,0.002847205,0,0.000578773,0,0,0
TCGA-EE-A2M6-06A-12R-A18S-07,0,0.044446058,0,0.034976622,0,0.032309499,0,0,0.004415466,0.009353899,0,0.005005071,0.039008228,0.480541494,0.037985196,0.136920694,0.140976979,0,0.014168663,0,0.01989213,0
TCGA-D3-A2JH-06A-11R-A18T-07,0.021346587,0,0.01064408,0.510637193,0,0,0.164366575,0.036659973,0.011521597,0.044223748,0,0.014031483,0,0.014365029,0.063382994,0.085790438,0.015225161,0,0.007805142,0,0,0
TCGA-EE-A2GE-06A-11R-A18T-07,0,0,0.121616013,0.303419513,0,0,0.042250716,0.03666639,0.046315156,0.000173935,0,0,0.021200283,0.199426186,0.066865272,0.14664893,0.003075124,0,0.012342482,0,0,0
TCGA-DA-A1I4-06A-11R-A18U-07,0,0.003643745,0,0.020910158,0,0.07473318,0.003326462,0,0.007829529,0,0,0.022855974,0.117816094,0.49652559,0.015738609,0.17943536,0.008703578,0,0.04848172,0,0,0
TCGA-FR-A44A-06A-11R-A24X-07,0,0,0,0.348820496,0,0,0.042580356,0.038063976,0.015957318,0.099093256,0,0.044498904,0,0.178127122,0.084785436,0.12235571,0.00338042,0,0.022337005,0,0,0
TCGA-WE-A8K5-06A-11R-A37K-07,0,0.032573579,0,0.027348313,0,0.160795295,0.023935543,0.067960654,0.009583217,0.073226599,0,0.023897301,0,0.2973469,0.133386605,0.117507882,0.01346856,0,0.018969552,0,0,0
TCGA-FS-A4F4-06A-12R-A266-07,0,0,0,0.267998236,0,0.047056925,0,0.030836586,0.054586147,0.01589775,0,0.012747497,0,0.435938923,0.056351361,0.060327679,0,0,0.018258898,0,0,0
TCGA-D3-A3MR-06A-11R-A21D-07,0,0.021444026,0.09881742,0.313022043,0,0,0.039264317,0.047708652,0.083727663,0.005018496,0,0.016417383,0,0.220856236,0.087550953,0.046765436,0.002903721,0,0.016503654,0,0,0
TCGA-FS-A1ZC-06A-11R-A18T-07,0,0,0,0,0,0.135307973,0,0.017181419,0.019971469,0,0.017336968,0,0,0.658107629,0.010743165,0.141351378,0,0,0,0,0,0
TCGA-3N-A9WD-06A-11R-A38C-07,0.061393371,0,0.132093395,0.190867415,0,0,0,0.058530559,0.053243091,0,0,0.085343404,0,0.205224582,0.10988584,0.067259753,0.006843411,0,0.025568534,0,0.003746643,0
TCGA-HR-A2OG-06A-21R-A18U-07,0,0,0.269361906,0.043506633,0,0.057501712,0,0,0.068801541,0,0,0.016735302,0.015101632,0.311316883,0.068678034,0.120657077,0,0,0.02833928,0,0,0
TCGA-YG-AA3N-01A-11R-A38C-07,0.004643352,0,0,0.505828915,0,0,0.000892694,0.103557454,0.061092347,0,0,0.070935382,0.019569588,0.07248151,0.026842897,0.085633598,0.013615494,0,0.03490677,0,0,0
TCGA-D3-A3MV-06A-11R-A21D-07,0.006038517,0,0.004279175,0,0,0.105554852,0,0.000410849,0.065164376,0,0.120163243,0,0.031312816,0.539838674,0.005800028,0.089117037,0.003466304,0,0,0,0.028854129,0
TCGA-EB-A3Y7-01A-11R-A239-07,0.042192037,0,0.041344011,0.055500187,0,0,0.028989724,0.039221636,0.106654771,0,0.038830866,0.000783013,0.002006042,0.405613123,0.031463154,0.201842177,0,0.005559258,0,0,0,0
TCGA-EE-A2GI-06A-11R-A18T-07,0,0,0.133526026,0.235237722,0,0.071389603,0.022442291,0.066515885,0.048054417,0.031073345,0,0.047203759,0,0.122928687,0.157138627,0.024689007,0.019264258,0,0.020536373,0,0,0
TCGA-ER-A193-06A-12R-A18S-07,0.021425961,0,0,0.14743391,0,0.061862153,0.061995988,0.043168529,0.032504958,0.008469011,0,0.021117572,0,0.358921881,0.121967236,0.074011084,0,0,0.047121718,0,0,0
TCGA-FR-A7U8-06A-21R-A352-07,0.001598895,0,0,0,0,0.1171018,0,0.024430828,0.040211544,0,0.022422129,0,0,0.687956961,0,0.078649096,0.003634168,0,0.02399458,0,0,0
TCGA-FS-A1ZW-06A-12R-A18T-07,0.000150757,0,0.398466579,0.107063238,0,0.084101402,0.034165093,0.021119852,0,0.000118494,0,0.04891344,0.007478659,0.053732496,0.091245854,0.05590263,0.023375103,0,0.062354569,0,0.011811836,0
TCGA-FS-A1ZT-06A-11R-A18U-07,0.022363109,0,0.079035144,0.205384116,0,0.165712528,0.059705317,0.029254333,0.035190238,0,0.040418155,0,0.022716832,0.105312469,0.110521103,0.062593167,0.023185444,0,0.038608046,0,0,0
TCGA-EE-A2GL-06A-11R-A18S-07,0.180292692,0.11775958,0,0.144050131,0,0.051486439,0.091412123,0.052915185,0.099111661,0,0,0.050020145,0.005567338,0.069072243,0.046141317,0.058633757,0.004674058,0,0.028863331,0,0,0
TCGA-FW-A3TU-06A-11R-A239-07,0.005260693,0,0.089509903,0.175553817,0,0.007571209,0,0.031354518,0.053255475,0,0,0.025744645,0,0.462930156,0.006124193,0.092127503,0.01143424,0,0.039133649,0,0,0
TCGA-D3-A2J9-06A-11R-A18T-07,0,0.005837592,0.062571313,0.354612288,0,0,0.011521682,0.091274554,0.066016556,0.075320225,0,0.017464647,0,0.179455205,0.073052471,0.062873466,0,0,0,0,0,0
TCGA-EE-A3AB-06A-11R-A18S-07,0.028752614,0,0.02103623,0.064359101,0,0.042637124,0.015874731,0,0.033765455,0,0.000617435,0,0.075646933,0.414381377,0.02758109,0.248946015,0,0,0.026081242,0,0,0.000320652
TCGA-D3-A8GI-06A-11R-A37K-07,0.002577823,0,0,0,0,0,0.00505694,0.033028235,0.041669064,0.03609279,0,0.014247403,0,0.711701589,0.018666102,0.113498297,0,0,0.018878426,0,0.004583331,0
TCGA-D3-A8GC-06A-11R-A37K-07,0.004217598,0,0.228203721,0.015229468,0,0.072786059,0.009175249,0.050321887,0.012551295,0.027924216,0,0.025139573,0,0.262199393,0.059611049,0.182819226,0.009962857,0,0.039858409,0,0,0
TCGA-Z2-AA3V-06A-11R-A39D-07,0.02372818,0,0,0.123371206,0,0,0,0.069589551,0.073450105,0,0.040696915,0.050725973,0,0.366143215,0.059002501,0.155474227,0.010271564,0,0.027546565,0,0,0
TCGA-FS-A1Z4-06A-11R-A18T-07,0.121744518,0.0102317,0.062199009,0.086500688,0,0.16289685,0.030089114,0.063986619,0.115343286,0,0.012546245,0,0,0.130488082,0.115963466,0.088010424,0,0,0,0,0,0